[
  {
    "name": "Blotted Lip",
    "description": "Blotted Lip Sheer matte lipstick that creates the perfect popsicle pout! Formula is lightweight, matte and buildable for light to medium coverage.",
    "price": 33.25,
    "quantity": 4,
    "imageUrl": "https://cdn.shopify.com/s/files/1/1338/0845/products/brain-freeze_a_800x1200.jpg?v=1502255076",
    "itemNo": 789,
    "sellerId": 335,
    "status": "On Sale",
    "sold": 0
  },
  {
    "name": "Lippie Stix",
    "description": "Lippie Stix Formula contains Vitamin E, Mango, Avocado, and Shea butter for added comfort and moisture. None of our Lippie formulas contain any nasty ingredients like Parabens or Sulfates.",
    "price": 45.99,
    "quantity": 1,
    "imageUrl": "https://cdn.shopify.com/s/files/1/1338/0845/collections/blottedlip-lippie-stix_grande.jpg?v=1512588803",
    "itemNo": 497,
    "sellerId": 335,
    "status": "On Sale",
    "sold": 0
  },
  {
    "name": "No Filter Foundation",
    "description": "Developed for the Selfie Age, our buildable full coverage, natural matte foundation delivers flawless looking skin from day-to-night. The oil-free, lightweight formula blends smoothly and is easily customizable to create the coverage you want.",
    "price": 100,
    "quantity": 1,
    "imageUrl": "https://media.allure.com/photos/5b2ece85c0895718b377e11e/master/w_1600%2Cc_limit/115_MedDark_800x1200.jpg",
    "itemNo": 187,
    "sellerId": 335,
    "status": "On Sale",
    "sold": 0
  },
  {
    "name": "Lipstick",
    "description": "Boosh lipstick glides on smoothly for clean & protective SPF coverage.",
    "price": 50,
    "quantity": 1,
    "imageUrl": "https://www.boosh.ca/cdn/shop/products/DUSTYROSE_LID_1024x1024@2x.jpg?v=1574716705",
    "itemNo": 96,
    "sellerId": 335,
    "status": "On Sale",
    "sold": 0
  },
  {
    "name": "Serum Foundation",
    "description": "Serum Foundations are lightweight medium-coverage formulations available in a comprehensive shade range across 21 shades. These foundations offer moderate coverage that looks natural with a very lightweight serum feel.",
    "price": 80,
    "quantity": 1,
    "imageUrl": "https://shop-beauty.dior.qa/cdn/shop/products/Y0996299_C020300010_E01_GHC_fr_FR_1850x.jpg?v=1630408896",
    "itemNo": 159,
    "sellerId": 335,
    "status": "On Sale",
    "sold": 0
  },
  {
    "name": "Coverage Foundation",
    "description": "Coverage Foundations are full-coverage formulations available in a comprehensive shade range across 21 shades. These foundations contain higher pigment levels than our Serum Foundations but still offer a smooth finish that avoids the heavy makeup look that can make skin appear more aged.",
    "price": 70,
    "quantity": 1,
    "imageUrl": "https://shop-beauty.dior.qa/cdn/shop/products/Y0009000_C000900030_E01_GHC_1200x1200.jpg?v=1589891716",
    "itemNo": 500,
    "sellerId": 335,
    "status": "On Sale",
    "sold": 0
  },
  {
    "name": "Liquid Liner",
    "description": "12 hours of long-lasting intense color, transfer-free (leaves no trace on crease above the eyelid), Pure Light Capture, and minerals deliver color and radiance.",
    "price": 30,
    "quantity": 1,
    "imageUrl": "https://cdn11.bigcommerce.com/s-59iaz8k/images/stencil/2048x2048/products/445/4582/2_edited__36677.1655477023.jpg?c=2",
    "itemNo": 966,
    "sellerId": 335,
    "status": "On Sale",
    "sold": 0
  },
  {
    "name": "Eyeshadow",
    "description": "Made with organic Pure Argan oil and Pure Light Capture pigments. 24 Hour crease-free intensity (no build-up increase of eyelid).",
    "price": 60,
    "quantity": 1,
    "imageUrl": "https://sdcdn.io/mac/qa/mac_sku_SCAW05_1x1_0.png?width=1440&height=1440",
    "itemNo": 997,
    "sellerId": 335,
    "status": "On Sale",
    "sold": 0
  },
  {
    "name": "Setting Powder",
    "description": "Keep it real with a polished, soft-focus look using this superfine, loose mineral powder. The healing properties of organic aloe help soothe and calm stressed out skin.",
    "price": 60,
    "quantity": 1,
    "imageUrl": "https://skins.co.za/media/catalog/product/cache/a91253b8af993038a8fde9e56e889bb9/1/0/108400_lauramerci_loose_setting_powder_-_invisible_loose_setting_pow_01_1.jpg",
    "itemNo": 116,
    "sellerId": 170,
    "status": "On Sale",
    "sold": 0
  },
  {
    "name": "B Smudged",
    "description": "Let your eyes naturally pop with our B Smudged, a subtle eye color that adds a tint of color to the base of your lashes. ",
    "price": 50,
    "quantity": 1,
    "imageUrl": "https://images-na.ssl-images-amazon.com/images/I/41eTPQKZwBL.jpg",
    "itemNo": 68,
    "sellerId": 170,
    "status": "On Sale",
    "sold": 0
  },
  {
    "name": "B Glossy Lip Gloss",
    "description": "Intensify your natural lip color with Sally B's B Glossy Lip Gloss, an organic lip gloss that adds a silky smooth hint of color and shimmer to lips. ",
    "price": 25,
    "quantity": 1,
    "imageUrl": "https://www.sallybskinyummies.com/cdn/shop/files/primrosesallyb_sskinyummies.jpg",
    "itemNo": 588,
    "sellerId": 170,
    "status": "On Sale",
    "sold": 0
  }
]
