[
  {
    "name": "Shouq",
    "surname":"AbdulKareem",
    "username": "shouq123",
    "password": "pass123",
    "acctType": "admin",
    "isLogged": false,
    "accountNo": 590
  },
  {
    "name": "Nada",
    "surname":"Mohammad",
    "companyName": "Fenty Beauty",
    "username": "nada123",
    "password": "pass123",
    "acctType": "seller",
    "balance": 15000,
    "isLogged": false,
    "accountNo": 335
  },
  {
    "name": "Khadeja",
    "surname":"Anas",
    "username": "Khadeja123",
    "password": "pass123",
    "acctType": "customer",
    "balance": 50,
    "isLogged": false,
    "accountNo": 13
  },
  {
    "name": "Fatima",
    "surname":"Ahmad",
    "username": "Fatima123",
    "password": "pass123",
    "acctType": "customer",
    "balance": 20000,
    "isLogged": false,
    "accountNo": 422
  },
  {
    "name": "Sara",
    "surname":"Ali",
    "username": "sara123",
    "password": "pass123",
    "acctType": "seller",
    "balance": 20000,
    "isLogged": false,
    "accountNo": 170
  }
]
